First Name,Last Name
Timothy,Stenzel
Elizabeth,Hillebrenner
Irene,Aihie
Carol,Cooper
Kay,Taylor
Thomas,Rhodes
Jackie,Chen
Thomas,Wilchard
Richard,Darren
Louis,Ferland
Shannon,Clark
Mark,Hackman
Raymond,Blay
Lisa,Neibauer
Toby,Lowe
Pierre,Politikio
Wendy,Stragan
Daniel,Marcus
Savannah,Esteve
Arianne,Erickson
Josh,Perfetto
Laura,Ferguson
Bridgett,Patell
Jody,Schultz
Peter,Sansonio
Daniel,Simpson
Crystal,Nguyen
Erica,al Marati
Luiz,Furlan
Brandt,Mitler
Hector,Moldinaro
Elliot,Cowan
Margot,Enright
Alice,Jones
Shelly,Fair
Kristian,Roth
Robert,Datelio
Richard,Ferrin
Jeff,Andrews
Zach,O’Keefe
Nancy,Rector
Franco,Calderone
Russell,Ivanhoe
