find, replace  # header row and should be be excluded from find and replace
Alexis Sauerbudge:,Alexis Sauer-Budge:
Alice:,Alice Jones:
Amy Wright:,Anne Wright:
Anabel Tie:,Annabelle Tsai:
Andrew Lurillio:,Andrew Louia:
Andrew:,Andrew Louia:
Anik Kaul:,Anil Kaul:
Anjali:,Anjali Zimmer:
Anna:,Anna Gozrelli:
Annabel Tie:,Annabelle Tsai:
Annie Bright:,Annie Wright:
Ariana Hawkins:,Arianna Hawkins:
Ariana Trovati:,Arvita Tripati:
Ariane Erickson:,Ariana Erickson:
Arianne Erickson:,Ariana Erickson:
Arita Dapati:,Arvita Tripati:
Ashwood Damin:,Ashwood Doman:
Ashwood:,Ashwood Doman:
Aurianna Hawkins:,Arianna Hawkins:
Autumn:,Autumn Colossius:
Avita Tripati:,Arvita Tripati:
Ben:,Ben Jamieson:
Brandt Mittler:,Brandt Mitler:
Brandt:,Brandt Mitler:
Brant Lidger:,Brandt Mitler:
Brant Mitler:,Brandt Mitler:
Brant Mittler:,Brandt Mitler:
Brant:,Brandt Mitler:
Brian:,Brian Jones:
Bridgett Patel:,Bridgett Patell:
Brigid Bondoc:,Bridget Bondock:
CDR Kim Piermatteo:,Kimberly Piermatteo (FDA CDR):
Chris:,Chris Benson:
Christie Burgeson:,Christie Bergerson:
Christopher Hanson:,Christopher Benson:
Christy Bergerson:,Christie Bergerson:
Coda Modee:,Coda Moody:
Codimonte Vanke:,Codimode Vanke:
Codimonte Varte:,Codimode Vanke:
Cody Luby:,Coda Modee:
Cory Jaycal:,Cory Yekkel:
Cory Yekel:,Cory Yekkel:
Cynthia Swin:,Cynthia Flynn:
Dana Hubbell:,Dana Hummel:
Dana Hummell:,Dana Hummel:
Dana:,Dana Hummel:
Daniel Markus:,Daniel Marcus:
Daniel Rock:,Daniel Roth:
David Hong:,David Houg:
David Hug:,David Houg:
David Ratiger:,David Rehberger:
David:,David Adams:
Deb Payne:,Debs Payne:
Don Catheter:,Don Caffiter:
Doug Ross:,Douglas Ross:
Douglas:,Douglas Ross:
Dr. Brittany Schuck:,Brittany Schuck:
Dr. Chris Emery:,Chris Emery:
Dr. Farhan Khan:,Farhan Khan:
Dr. Kris Roth:,Kris Roth (FDA):
Dr. Kristian Ross:,Kris Roth (FDA):
Dr. Kristian Roth:,Kris Roth (FDA):
Dr. Sara Brenner:,Sara Brenner:
Dr. Stenzel:,Tim Stenzel (FDA IVD Director):
Dr. Steven Kleiboeker:,Steven Kleiboeker:
Dr. Tim Stenzel:,Tim Stenzel (FDA IVD Director):
Dr. Timothy Stenzel:,Tim Stenzel (FDA IVD Director):
Elaine Allen:,Elaine Allan:
Elisa Maldonado-Hovich:,Elisa Maldonado-Colbert:
Elizabeth Bernilly:,Elizabeth Brunelli:
Elizabeth Brinley:,Elizabeth Brunelli:
Elizabeth Burnilly:,Elizabeth Brunelli:
Ella:,Ella Holston:
Ellen Allen:,Elaine Allen:
Emma Powell:,Anna Powell:
Emmy Wright:,Annie Wright:
Eric Konnick:,Eric Konick:
Eric Penney:,Eric Penny:
Eric:,Eric Meyer:
erozen:,E Rozen:
Franco Calberone:,Franco Calderon:
Franco Calderone:,Franco Calderon:
Franco Calvert:,Franco Calderon:
Franco:,Franco Calderon:
Frank Calderone:,Franco Calderon:
Frank Ocalltharon:,Franco Calderon:
Frank:,Franco Calderon:
Franklin Codron:,Franklin Calderon:
Franklin:,Franco Calderon:
Glen Fay:,Glenn Fay:
Grant Mitler:,Brandt Mitler:
Greg S:,Greg Slovatkin:
Greg Slabodkin:,Greg Slovatkin:
Griffin Soriana:,Griffin Soriano:
Griffin:,Griffin Soriano:
Gustavo:,Gustavo Heteray:
Howard Ernovitz:,Howard Urnivich:
Irene:,Irene Aihie:
Irene:,Irene Aihie:
Jack Fang:,Jack Feng:
Jackie Chan:,Jackie Chin:
Jackie Chang:,Jackie Chin:
Jackie Chen:,Jackie Chin:
Jackie Chou:,Jackie Chin:
Jackie:,Jackie Chin:
James Mullaly:,James Mullally:
Jason Labothom:,Jason Robotham:
Jason Obrahum:,Jason Robotham:
Jeanna McLeod:,Jeanna MacLeod:
Jeff Keriberry:,Jeff Kerriberry:
Jeff Terryberry:,Jeff Kerriberry:
Jeff:,Jeff Kerriberry:
Jess Teribary:,Jess Terivery:
Jessica Washerman:,Jessica Wasserman:
Jessica:,Jessica Russell:
Jo-Ann Gonzalez:,Joanne Gonzalez:
Joann Gonzales:,Joanne Gonzalez:
Jody Schulz:,Jody Schultz:
Jon:,Jon Gould:
Joseph Tartal:,Joseph Tartal (FDA):
Josh Perfetto:,Josh Profeto:
Josh Proveto:,Josh Profeto:
Josh:,Josh Dan:
Josha Winn:,Joshua Winn:
Joshua Levin:,Joshua Winn:
Julia Leslie:,Julie Leslie:
Kadumi Venkat Shuran:,Kaumudi Venkat:
Kaduna Benpat:,Kaumudi Venkat:
Kaduni:,Kaumudi Venkat:
Kal:,Kal Mansoor:
Karbamody Vankar:,Kaumudi Venkat:
Karen:,Karen Gerard:
Kay Jewell:,Kay Jewel:
Kelli:,Kelly Leanhart:
Kelly:,Kelly Leanhart:
Kimberly Zonker:,Kimberly Zunker:
Kodamuti Venkat:,Kaumudi Venkat:
Kodomuti Venkat:,Kaumudi Venkat:
Kodumba Venkamp:,Kaumudi Venkat:
Kodumodi Venkat:,Kaumudi Venkat:
Kodumudi Venkateswaran:,Kaumudi Venkat:
Kodumudi:,Kaumudi Venkat:
Komudi:,Kaumudi Venkat:
Kotamudi Venkep:,Kaumudi Venkat:
Kristen Bankard:,Kristen Bancard:
Kristen Bankert:,Kristen Bankert:
Larry Lions:,Larry Lines:
Laura DiAngelo:,Laura D'Angelo:
Lewis Perlmeyer:,Lewis Perlmutter:
Ling:,Ling Koh:
Lonnie Ab:,Lonnie Adelman:
Lonnie Edelman:,Lonnie Adelman:
Lonnie:,Lonnie Adelman:
Louis Perelmuter:,Louis Perlmutter:
Louis:,Louis Perlmutter:
Ludna:,Lubna:
Marcell Vasgrove:,Marcella Vasgrove:
Margot Emery:,Margot Enright:
Mark Hackman:,Mark Heckman:
Mark Hagman:,Mark Heckman:
Mark:,Mark Heckman:
Mary:,Mary Ann:
Michael Patts:,Michael Patz:
Michael Roth:,Michael Ross:
Michael Zane:,Michael Zhang:
Mike:,Mike Wang:
Mitch:,Mitch Andria:
Nesha Lee:,Nisha Lee:
Paul Bartow:,Paul Barto:
Peggy Magloplin:,Peggy McLaughlin:
Pierre Politikio:,Piero Holitecio:
Rainer Zirnan:,Rainer Ziermann:
Rainier Ziermann:,Rainer Ziermann:
Ray Vanzulas:,Ray Bandziulis:
Ray:,Ray Bandziulis:
Raymond Blay:,Raymond Blay:
Raymond Boulay:,Raymond Boulet:
Richard Ferrin:,Richard Darren:
Richard Mantegna:,Richard Montagna:
Richard Montagne:,Richard Montagna:
Richard Montana:,Richard Montagna:
Richard Montega:,Richard Montagna:
Richard Montegna:,Richard Montagna:
Robert Datelio:,Robert de Tullio:
Robert Deterio:,Robert de Tullio:
Robert DeTullio:,Robert de Tullio:
Robert Di Tullio:,Robert de Tullio:
Robert:,Robert de Tullio:
Robin Stanberg:,Robin Steinberg:
Rosanne Chan:,Roxanne Chan:
Roseanne Chan:,Roxanne Chan:
Roxanne Chain:,Roxanne Chan:
Roxanne Cheng:,Roxanne Chan:
Sam:,Sam Ali:
Sara:,Sara Brenner:
Sarah:,Sarah Burlucky:
Savannah Esteve:,Savannah Estes:
Sean Gimmel:,Sean Gamel:
Shannon Sharp:,Shannon Clark:
Sheree Kaushik:,Sheri Ocosik:
Stacy:,Stacy Drakousis:
Steve Skagg:,Steve Skaggs:
Steve Skags:,Steve Skaggs:
Steve Skanks:,Steve Skaggs:
Steve:,Steve Skaggs:
Steven Stags:,Steve Skaggs:
Sue:,Sue Hart:
Susan Rolly:,Susan Rowley:
Susan Sharpe:,Susan Sharp:
Susan:,Susan Sharp:
Tammy:,Tammy McKee:
Thomas Roades:,Thomas Rhodes:
Tim Hendrix:,Tim Hendricks:
Tim Stenzel:,Timothy Stenzel:
Tim:,Tim (FDA):
Timony Stenzel:,Timothy Stenzel:
Timothy Stemnzel:,Timothy Stenzel:
Timothy:,Timothy Stenzel:
Timoty Stenzel:,Timothy Stenzel:
Toby:,Toby (FDA):
Toby:,Toby Lowe (FDA Staff):
Todd Lewis:,Toby Lowe:
Tom Hahersh:,Tom Hayhurst:
Tom MacDougal:,Tom McDougall:
Tom Slavic:,Tom Slovak:
Tom Slezak:,Tom Slovak:
Wen Li:,Win Lee Chou:
Wendy Chow:,Wendy Cho:
Wendy Stragan:,Wendy Strongen:
Wendy Strong:,Wendy Strongen:
Wendy Strongin:,Wendy Strongen:
Wenli Ja:,Win Lee Chou:
Wenli Zhou:,Win Lee Chou:
Wenli:,Win Lee Chou:
Win Lee Ju:,Win Lee Chou:
Winley Zou:,Win Lee Chou:
Winnie Joe:,Win Lee Chou: