CDR Kimberly Piermatteo:,Commander Kimberly Piermatteo (FDA):
Coda Modee:,Coda Moody:
DBrinza:,D. Brinza:
E Rozen:,E. Rozen:
Ela:,Ela Heussen:
Elaine Allen:,Elaine Allan:
Elizabeth Hillebrenner:,Elizabeth Hillebrenner (FDA):
Irene Aihie:,Irene Aihie (Moderator):
Karen S:,Karen S.:
Kemba Ford:,Kemba Ford (FDA):
Kimberly Piermatteo (FDA CDR):,Commander Kimberly Piermatteo (FDA):
Kristian Roth:,Kris Roth (FDA):
MBeckman:,M. Beckman:
Nadia:,Nadia Herminez:
Niya:,Niya Su:
Peggy:,Peggy McLaughlin:
Stacy Hausman:,Stacy Houseman:
Tim (FDA):,Tim Stenzel (FDA IVD Director):
Timothy Stenzel:,Tim Stenzel (FDA IVD Director):
Toby (FDA):,Toby Lowe (FDA):
Toby Lowe:,Toby Lowe (FDA):
YueXing:,Yue Xing: