Renamed file_stem,topic,link pdf,link youtube,link slides
2023-04-26_Virtual Town Hall 103,COVID-19,https://www.fda.gov/media/167914/download?attachment,https://youtu.be/NF6t6Rk5YeQ,https://www.fda.gov/media/167915/download?attachment
2023-03-22_Virtual Town Hall 102,COVID-19 and Monkeypox,https://www.fda.gov/media/166605/download?attachment,https://youtu.be/DsKd5harDO4,https://www.fda.gov/media/166606/download?attachment
2023-02-15_Virtual Town Hall 101,COVID-19 and Monkeypox,https://www.fda.gov/media/165573/download?attachment,https://youtu.be/tIoLtx8__Ew,https://www.fda.gov/media/165572/download?attachment
2023-01-11_Virtual Town Hall 100,COVID-19 and Monkeypox,https://www.fda.gov/media/164637/download?attachment,https://youtu.be/JzlxverAjpM,https://www.fda.gov/media/164638/download?attachment
2022-12-14_Virtual Town Hall 99,COVID-19 and Monkeypox,https://www.fda.gov/media/164110/download?attachment,https://youtu.be/AX9iyqOJ0qU,
2022-11-30_Virtual Town Hall 98,COVID-19 and Monkeypox,https://www.fda.gov/media/163860/download?attachment,https://youtu.be/mJNdpZt5OMo,
2022-10-26_Virtual Town Hall 96,COVID-19 and Monkeypox,https://www.fda.gov/media/162887/download?attachment,https://youtu.be/krO1uOKkcZg,
2022-09-28_Virtual Town Hall 93,COVID-19 and Monkeypox,https://www.fda.gov/media/162060/download?attachment,https://youtu.be/R43Hd0KnIhs,https://www.fda.gov/media/162061/download?attachment
2022-08-24_Virtual Town Hall 90,COVID-19,https://www.fda.gov/media/161382/download?attachment,https://youtu.be/CjmdF7mDC4M,
2022-07-27_Virtual Town Hall 89,COVID-19,https://www.fda.gov/media/160670/download?attachment,https://youtu.be/-F6wlrzBLvk,
2022-06-29_Virtual Town Hall 88,COVID-19,https://www.fda.gov/media/159787/download?attachment,https://youtu.be/_Rhgjx4ZX1k,
2022-06-15_Virtual Town Hall 87,COVID-19,https://www.fda.gov/media/159486/download?attachment,https://youtu.be/VQvzMIFgzzs,
2022-06-01_Virtual Town Hall 86,COVID-19,https://www.fda.gov/media/159024/download?attachment,https://youtu.be/G4T_6quIfYg,
2022-05-18_Virtual Town Hall 85,COVID-19,https://www.fda.gov/media/158755/download?attachment,https://youtu.be/UZOPxUDd2K4,
2022-05-04_Virtual Town Hall 84,COVID-19,https://www.fda.gov/media/158336/download?attachment,https://youtu.be/CF73LTLm4vg,
2022-04-20_Virtual Town Hall 83,COVID-19,https://www.fda.gov/media/158032/download?attachment,https://youtu.be/_et0g3tjz74,
2022-04-06_Virtual Town Hall 82,COVID-19,https://www.fda.gov/media/157771/download?attachment,https://youtu.be/TNSjg6dO9wI,
2022-03-23_Virtual Town Hall 81,COVID-19,https://www.fda.gov/media/157366/download?attachment,https://youtu.be/E3GehMsbvpY,
2022-03-09_Virtual Town Hall 80,COVID-19,https://www.fda.gov/media/157014/download?attachment,https://youtu.be/RalX62b6AJ0,
2022-02-23_Virtual Town Hall 79,COVID-19,https://www.fda.gov/media/156735/download?attachment,https://youtu.be/Zj-FfWEV0ZU,
2022-02-09_Virtual Town Hall 78,COVID-19,https://www.fda.gov/media/156422/download?attachment,https://youtu.be/Rk3TU1jwrJ0,
2022-01-26_Virtual Town Hall 77,COVID-19,https://www.fda.gov/media/156146/download?attachment,https://youtu.be/hp5ceXLlpd0,
2022-01-12_Virtual Town Hall 76,COVID-19,https://www.fda.gov/media/155886/download?attachment,https://youtu.be/otDWtDNNHzY,
2021-12-15_Virtual Town Hall 75,COVID-19,https://www.fda.gov/media/155156/download?attachment,https://youtu.be/Bng-X7wRXQE,
2021-12-01_Virtual Town Hall 74,COVID-19,https://www.fda.gov/media/155063/download?attachment,https://youtu.be/A8dPnkA_QKk,
2021-11-17_Virtual Town Hall 73,COVID-19,https://www.fda.gov/media/154706/download?attachment,https://youtu.be/lUMMzaD8XCY,https://www.fda.gov/media/155292/download?attachment
2021-10-21_Virtual Town Hall 72,COVID-19,https://www.fda.gov/media/153914/download?attachment,https://youtu.be/TieDF76P7yY,
2021-10-06_Virtual Town Hall 71,COVID-19,https://www.fda.gov/media/153122/download?attachment,https://youtu.be/f7Xrxgrkh4U,
2021-09-22_Virtual Town Hall 70,COVID-19,https://www.fda.gov/media/152888/download?attachment,https://youtu.be/C2bwFnORLFI,
2021-09-08_Virtual Town Hall 69,COVID-19,https://www.fda.gov/media/152755/download?attachment,https://youtu.be/XwF2qXapzBc,
2021-08-25_Virtual Town Hall 68,COVID-19,https://www.fda.gov/media/152561/download?attachment,https://youtu.be/C5a3GkRTztA,
2021-08-18_Virtual Town Hall 67,COVID-19,https://www.fda.gov/media/152560/download?attachment,https://youtu.be/sPuLvzIyUkk,
2021-08-11_Virtual Town Hall 66,COVID-19,https://www.fda.gov/media/151938/download?attachment,https://youtu.be/Y1hj6AdPaHk,
2021-08-04_Virtual Town Hall 65,COVID-19,https://www.fda.gov/media/151937/download?attachment,https://youtu.be/poscLohPQNs,
2021-07-28_Virtual Town Hall 64,COVID-19,https://www.fda.gov/media/151330/download?attachment,https://youtu.be/7SPxK1XILIg,
2021-07-14_Virtual Town Hall 63,COVID-19,https://www.fda.gov/media/151119/download?attachment,https://youtu.be/I51a6gqPhUk,
2021-06-30_Virtual Town Hall 62,COVID-19,https://www.fda.gov/media/150621/download?attachment,https://youtu.be/75p98DjMicg,
2021-06-23_Virtual Town Hall 61,COVID-19,https://www.fda.gov/media/150378/download?attachment,https://youtu.be/abHlnbQVODk,
2021-06-16_Virtual Town Hall 60,COVID-19,https://www.fda.gov/media/150355/download,https://youtu.be/59Ni_qSGAtc,
2021-06-09_Virtual Town Hall 59,COVID-19,https://www.fda.gov/media/150145/download?attachment,https://youtu.be/RIXvWGrvphM,
2021-06-02_Virtual Town Hall 58,COVID-19,https://www.fda.gov/media/149980/download?attachment,https://youtu.be/sjlWdzvzCAk,
2021-05-26_Virtual Town Hall 57,COVID-19,https://www.fda.gov/media/149660/download?attachment,https://youtu.be/VTWoHUB1_R8,
2021-05-19_Virtual Town Hall 56,COVID-19,https://www.fda.gov/media/149074/download?attachment,https://youtu.be/H8YuL2_OjzE,
2021-05-12_Virtual Town Hall 55,COVID-19,https://www.fda.gov/media/148740/download?attachment,https://youtu.be/toEiWI_d-m8,
2021-05-05_Virtual Town Hall 54,COVID-19,https://www.fda.gov/media/148505/download?attachment,https://youtu.be/wDFoF8T80cU,
2021-04-28_Virtual Town Hall 53,COVID-19,https://www.fda.gov/media/148253/download?attachment,https://youtu.be/txFUTJy6wA8,
2021-04-21_Virtual Town Hall 52,COVID-19,https://www.fda.gov/media/147952/download?attachment,https://youtu.be/B7-kUBycPAM,
2021-04-14_Virtual Town Hall 51,COVID-19,https://www.fda.gov/media/147771/download?attachment,https://youtu.be/NM8edzTUIKE,
2021-04-07_Virtual Town Hall 50,COVID-19,https://www.fda.gov/media/147489/download?attachment,https://youtu.be/OcVci-fTFrQ,
2021-03-31_Virtual Town Hall 49,COVID-19,https://www.fda.gov/media/147394/download?attachment,https://youtu.be/ONvIVEmXj0k,
2021-03-24_Virtual Town Hall 48,COVID-19,https://www.fda.gov/media/147211/download?attachment,https://youtu.be/6crM00c06jg,
2021-03-17_Virtual Town Hall 47,COVID-19,https://www.fda.gov/media/146819/download?attachment,https://youtu.be/4I-KHMcaeug,
2021-03-10_Virtual Town Hall 46,COVID-19,https://www.fda.gov/media/146811/download?attachment,https://youtu.be/os69KDMI4RY,
2021-03-03_Virtual Town Hall 45,COVID-19,https://www.fda.gov/media/146615/download?attachment,https://youtu.be/RlTrIOGV-3Q,
2021-02-24_Virtual Town Hall 44,COVID-19,https://www.fda.gov/media/146427/download?attachment,https://youtu.be/owdGSBGw7hw,
2021-02-17_Virtual Town Hall 43,COVID-19,https://www.fda.gov/media/146226/download?attachment,https://youtu.be/LOrfZ9BjiVI,
2021-02-10_Virtual Town Hall 42,COVID-19,https://www.fda.gov/media/146012/download?attachment,https://youtu.be/qd29CjG9cWQ,https://www.fda.gov/media/145829/download?attachment
2021-02-03_Virtual Town Hall 41,COVID-19,https://www.fda.gov/media/145756/download?attachment,https://youtu.be/SkNByAteggE,
2021-01-27_Virtual Town Hall 40,COVID-19,https://www.fda.gov/media/145571/download?attachment,https://youtu.be/xpubAY5rT_g,
2021-01-13_Virtual Town Hall 39,COVID-19,https://www.fda.gov/media/145290/download?attachment,https://youtu.be/52aSLUaK9jI,
2021-01-06_Virtual Town Hall 38,COVID-19,https://www.fda.gov/media/145096/download?attachment,https://youtu.be/dS5IkneoAgU,
2020-12-16_Virtual Town Hall 37,COVID-19,https://www.fda.gov/media/144735/download,https://youtu.be/KJZRyFhDyY8,
2020-12-09_Virtual Town Hall 36,COVID-19,https://www.fda.gov/media/144566/download?attachment,https://youtu.be/VNrwrH0N0dY,
2020-12-02_Virtual Town Hall 35,COVID-19,https://www.fda.gov/media/147778/download?attachment,https://youtu.be/ZUJn4q1CEHo,
2020-11-18_Virtual Town Hall 34,COVID-19,https://www.fda.gov/media/143957/download?attachment,https://youtu.be/kk-tOG1M18c,
2020-11-04_Virtual Town Hall 33,COVID-19,https://www.fda.gov/media/143958/download?attachment,https://youtu.be/BshSehtRZ9g,
2020-10-28_Virtual Town Hall 32,COVID-19,https://www.fda.gov/media/143596/download?attachment,https://youtu.be/w6m16qnTuVI,
2020-10-21_Virtual Town Hall 31,COVID-19,https://www.fda.gov/media/143327/download?attachment,https://youtu.be/zAAWmiaSf10,
2020-10-14_Virtual Town Hall 30,COVID-19,https://www.fda.gov/media/143085/download?attachment,https://youtu.be/dKrhkQrUx7U,
2020-10-07_Virtual Town Hall 29,COVID-19,https://www.fda.gov/media/143084/download?attachment,https://youtu.be/E4Stcl0yivQ,
2020-09-30_Virtual Town Hall 28,COVID-19,https://www.fda.gov/media/142810/download?attachment,https://youtu.be/Va4Mvy2kU5Q,
2020-09-23_Virtual Town Hall 27,COVID-19,https://www.fda.gov/media/142511/download?attachment,https://youtu.be/gpU26VT95KA,
2020-09-16_Virtual Town Hall 26,COVID-19,https://www.fda.gov/media/142312/download?attachment,https://youtu.be/PfakNcEmaXs,
2020-09-09_Virtual Town Hall 25,COVID-19,https://www.fda.gov/media/142352/download?attachment,https://youtu.be/wR5TPPb00SQ,
2020-09-02_Virtual Town Hall 24,COVID-19,https://www.fda.gov/media/141952/download?attachment,https://youtu.be/1Nycu3Xm15M,
2020-08-26_Virtual Town Hall 23,COVID-19,https://www.fda.gov/media/141817/download?attachment,https://youtu.be/_95PepFJz1c,
2020-08-19_Virtual Town Hall 22,COVID-19,https://www.fda.gov/media/141606/download?attachment,https://youtu.be/x957vZbGEmg,
2020-08-12_Virtual Town Hall 21,COVID-19,https://www.fda.gov/media/141317/download?attachment,https://youtu.be/Nb5ECJq7yu4,
2020-08-05_Virtual Town Hall 20,COVID-19,https://www.fda.gov/media/140975/download?attachment,https://youtu.be/0aR05y2HRoI,
2020-07-29_Virtual Town Hall 19,COVID-19,https://www.fda.gov/media/140847/download?attachment,https://youtu.be/j1rZ4neSeNE,
2020-07-22_Virtual Town Hall 18,COVID-19,https://www.fda.gov/media/140462/download?attachment,https://youtu.be/Inj5GgQHI6c,
2020-07-15_Virtual Town Hall 17,COVID-19,https://www.fda.gov/media/140326/download?attachment,https://youtu.be/kUH1u1SCxIY,
2020-07-08_Virtual Town Hall 16,COVID-19,https://www.fda.gov/media/140218/download?attachment,https://youtu.be/BqsgtxKv2OU,
2020-07-01_Virtual Town Hall 15,COVID-19,https://www.fda.gov/media/139775/download?attachment,https://youtu.be/k1v3eBHSDO8,
2020-06-24_Virtual Town Hall 14,COVID-19,https://www.fda.gov/media/139618/download?attachment,https://youtu.be/LL1IAEz1Wls,
2020-06-17_Virtual Town Hall 13,COVID-19,https://www.fda.gov/media/139489/download?attachment,https://youtu.be/aT5C5Hm7CoI,
2020-06-10_Virtual Town Hall 12,COVID-19,https://www.fda.gov/media/139488/download?attachment,https://youtu.be/olMCL9P27BE,
2020-06-03_Virtual Town Hall 11,COVID-19,https://www.fda.gov/media/138802/download?attachment,https://youtu.be/zTu0ayDklOQ,
2020-05-27_Virtual Town Hall 10,COVID-19,https://www.fda.gov/media/138555/download?attachment,https://youtu.be/8KJcbGBPNns,
2020-05-20_Virtual Town Hall 9,COVID-19,https://www.fda.gov/media/138382/download?attachment,https://youtu.be/FnlXijt3WK4,
2020-05-13_Virtual Town Hall 8,COVID-19,https://www.fda.gov/media/138240/download?attachment,https://youtu.be/UTy2_QxxqSA,
2020-05-06_Virtual Town Hall 7,COVID-19,https://www.fda.gov/media/137986/download?attachment,https://youtu.be/4J2HEZvqjT4,
2020-04-29_Virtual Town Hall 6,COVID-19,https://www.fda.gov/media/137764/download?attachment,https://youtu.be/VwEudYZrmuA,
2020-04-22_Virtual Town Hall 5,COVID-19,https://www.fda.gov/media/137426/download?attachment,https://youtu.be/bo40H5RSmGg,
2020-04-15_Virtual Town Hall 4,COVID-19,https://www.fda.gov/media/137136/download?attachment,https://youtu.be/yQMxmUhvwjA,
2020-04-08_Virtual Town Hall 3,COVID-19,https://www.fda.gov/media/136833/download?attachment,https://youtu.be/qpmRhUgrfTA,
2020-04-01_Virtual Town Hall 2,COVID-19,https://www.fda.gov/media/136681/download?attachment,https://youtu.be/C5R8CJMo878,
2020-03-25_Virtual Town Hall 1,COVID-19,https://www.fda.gov/media/136518/download?attachment,https://youtu.be/D38ZteEsiOI,https://www.fda.gov/media/136439/download?attachment








